Effective Date,Change % points,Cash rate target%
3 Feb 2010,0.00,3.75
3 Mar 2010,+0.25,4.00
7 Apr 2010,+0.25,4.25
5 May 2010,+0.25,4.50
2 Jun 2010,0.00,4.50
7 Jul 2010,0.00,4.50
4 Aug 2010,0.00,4.50
8 Sep 2010,0.00,4.50
6 Oct 2010,0.00,4.50
3 Nov 2010,+0.25,4.75
8 Dec 2010,0.00,4.75
2 Feb 2011,0.00,4.75
2 Mar 2011,0.00,4.75
6 Apr 2011,0.00,4.75
4 May 2011,0.00,4.75
8 Jun 2011,0.00,4.75
6 Jul 2011,0.00,4.75
3 Aug 2011,0.00,4.75
7 Sep 2011,0.00,4.75
5 Oct 2011,0.00,4.75
2 Nov 2011,-0.25,4.50
7 Dec 2011,-0.25,4.25
8 Feb 2012,0.00,4.25
7 Mar 2012,0.00,4.25
4 Apr 2012,0.00,4.25
2 May 2012,-0.50,3.75
6 Jun 2012,-0.25,3.50
4 Jul 2012,0.00,3.50
8 Aug 2012,0.00,3.50
5 Sep 2012,0.00,3.50
3 Oct 2012,-0.25,3.25
7 Nov 2012,0.00,3.25
5 Dec 2012,-0.25,3.00
6 Feb 2013,0.00,3.00
6 Mar 2013,0.00,3.00
3 Apr 2013,0.00,3.00
8 May 2013,-0.25,2.75
5 Jun 2013,0.00,2.75
3 Jul 2013,0.00,2.75
7 Aug 2013,-0.25,2.50
4 Sep 2013,0.00,2.50
2 Oct 2013,0.00,2.50
6 Nov 2013,0.00,2.50
4 Dec 2013,0.00,2.50
5 Feb 2014,0.00,2.50
5 Mar 2014,0.00,2.50
2 Apr 2014,0.00,2.50
7 May 2014,0.00,2.50
4 Jun 2014,0.00,2.50
2 Jul 2014,0.00,2.50
6 Aug 2014,0.00,2.50
3 Sep 2014,0.00,2.50
8 Oct 2014,0.00,2.50
5 Nov 2014,0.00,2.50
3 Dec 2014,0.00,2.50
4 Feb 2015,-0.25,2.25
4 Mar 2015,0.00,2.25
8 Apr 2015,0.00,2.25
6 May 2015,-0.25,2.00
3 Jun 2015,0.00,2.00
8 Jul 2015,0.00,2.00
5 Aug 2015,0.00,2.00
2 Sep 2015,0.00,2.00
7 Oct 2015,0.00,2.00
4 Nov 2015,0.00,2.00
2 Dec 2015,0.00,2.00
3 Feb 2016,0.00,2.00
2 Mar 2016,0.00,2.00
6 Apr 2016,0.00,2.00
4 May 2016,-0.25,1.75
8 Jun 2016,0.00,1.75
6 Jul 2016,0.00,1.75
3 Aug 2016,-0.25,1.50
7 Sep 2016,0.00,1.50
5 Oct 2016,0.00,1.50
2 Nov 2016,0.00,1.50
7 Dec 2016,0.00,1.50
8 Feb 2017,0.00,1.50
8 Mar 2017,0.00,1.50
5 Apr 2017,0.00,1.50
3 May 2017,0.00,1.50
7 Jun 2017,0.00,1.50
5 Jul 2017,0.00,1.50
2 Aug 2017,0.00,1.50
6 Sep 2017,0.00,1.50
4 Oct 2017,0.00,1.50
8 Nov 2017,0.00,1.50
6 Dec 2017,0.00,1.50
7 Feb 2018,0.00,1.50
7 Mar 2018,0.00,1.50
4 Apr 2018,0.00,1.50
2 May 2018,0.00,1.50
6 Jun 2018,0.00,1.50
4 Jul 2018,0.00,1.50
8 Aug 2018,0.00,1.50
5 Sep 2018,0.00,1.50
3 Oct 2018,0.00,1.50
7 Nov 2018,0.00,1.50
5 Dec 2018,0.00,1.50
6 Feb 2019,0.00,1.50
6 Mar 2019,0.00,1.50
3 Apr 2019,0.00,1.50
8 May 2019,0.00,1.50
5 Jun 2019,-0.25,1.25
3 Jul 2019,-0.25,1.00
7 Aug 2019,0.00,1.00
4 Sep 2019,0.00,1.00
2 Oct 2019,-0.25,0.75
6 Nov 2019,0.00,0.75
4 Dec 2019,0.00,0.75
5 Feb 2020,0.00,0.75
4 Mar 2020,-0.25,0.50
20 Mar 2020,-0.25,0.25
8 Apr 2020,0.00,0.25
6 May 2020,0.00,0.25
3 Jun 2020,0.00,0.25
8 Jul 2020,0.00,0.25
5 Aug 2020,0.00,0.25
2 Sep 2020,0.00,0.25
7 Oct 2020,0.00,0.25
4 Nov 2020,-0.15,0.10
2 Dec 2020,0.00,0.10
3 Feb 2021,0.00,0.10
3 Mar 2021,0.00,0.10
7 Apr 2021,0.00,0.10
5 May 2021,0.00,0.10
2 Jun 2021,0.00,0.10
7 Jul 2021,0.00,0.10
4 Aug 2021,0.00,0.10
8 Sep 2021,0.00,0.10
6 Oct 2021,0.00,0.10
3 Nov 2021,0.00,0.10
8 Dec 2021,0.00,0.10
2 Feb 2022,0.00,0.10
2 Mar 2022,0.00,0.10
6 Apr 2022,0.00,0.10
4 May 2022,+0.25,0.35
8 Jun 2022,+0.50,0.85
6 Jul 2022,+0.50,1.35
3 Aug 2022,+0.50,1.85
7 Sep 2022,+0.50,2.35
5 Oct 2022,+0.25,2.60
2 Nov 2022,+0.25,2.85
7 Dec 2022,+0.25,3.10
8 Feb 2023,+0.25,3.35
8 Mar 2023,+0.25,3.60
5 Apr 2023,0.00,3.60
3 May 2023,+0.25,3.85
7 Jun 2023,+0.25,4.10
5 Jul 2023,0.00,4.10
2 Aug 2023,0.00,4.10
6 Sep 2023,0.00,4.10
4 Oct 2023,0.00,4.10
8 Nov 2023,+0.25,4.35
6 Dec 2023,0.00,4.35
7 Feb 2024,0.00,4.35
20 Mar 2024,0.00,4.35
8 May 2024,0.00,4.35
19 Jun 2024,0.00,4.35
7 Aug 2024,0.00,4.35
25 Sep 2024,0.00,4.35
6 Nov 2024,0.00,4.35
11 Dec 2024,0.00,4.35
19 Feb 2025,-0.25,4.10
2 Apr 2025,0.00,4.10
21 May 2025,-0.25,3.85
9 Jul 2025,0.00,3.85
13 Aug 2025,-0.25,3.60
1 Oct 2025,0.00,3.60
5 Nov 2025,0.00,3.60
10 Dec 2025,0.00,3.60
4 Feb 2026,+0.25,3.85
18 Mar 2026,+0.25,4.10
6 May 2026,+0.25,4.35
17 Jun 2026,0.00,4.35
